Date,return_AAPL,return_AMZN,return_EBAY,return_GOOGL,return_INTC,return_QCOM,return_SPY
2019/1/3,-0.099607371,-0.025241517,-0.018370884,-0.027695682,-0.055012742,-0.029616741,-0.023862763
2019/1/4,0.042689302,0.050063978,0.022951942,0.05129353,0.061362079,0.016157935,0.033495728
2019/1/7,-0.002225847,0.034353395,0.017259234,-0.001994214,0.004659,-0.002826838,0.007884647
2019/1/8,0.019063125,0.016612323,0.017984425,0.008783135,0.006323841,-0.008681751,0.00939533
2019/1/9,0.016981731,0.001714429,0.0096667,-0.003427376,0.005655551,0.011796246,0.00467349
2019/1/10,0.003196191,-0.001928429,0.009243942,-0.002607191,0.01145601,0.003356262,0.003527557
2019/1/11,-0.009818023,-0.009455213,-0.005233889,-0.013310703,0.007619419,0.012323961,0.000386303
2019/1/14,-0.015037049,-0.014233004,-0.006576817,-0.012175037,-0.011853709,-0.003478278,-0.006100923
2019/1/15,0.02046672,0.03546237,0.01522678,0.033285465,0.005170631,-0.027399634,0.011460808
2019/1/16,0.012216606,0.005505906,-0.012389925,0.002761134,-0.009670721,-0.008254082,0.002419839
2019/1/17,0.005937756,0.005606399,0.002971212,0.008820465,0.007064201,-0.009046499,0.007586711
2019/1/18,0.006159425,0.001759949,0.020408197,0.007442367,0.014854508,0.009129085,0.01331001
2019/1/22,-0.022446141,-0.037749032,0.061290387,-0.025891847,-0.018702968,-0.01773112,-0.013510494
2019/1/23,0.004044331,0.004809533,-0.00881462,0.005358676,-0.006836565,-0.046417406,0.002092441
2019/1/24,-0.007926221,0.009091373,0.001226648,-0.000378117,0.037964102,-0.018543539,0.00053143
2019/1/25,0.033136871,0.009450485,0.03277179,0.016153146,-0.054662321,0.009643731,0.008461435
2019/1/28,-0.009254513,-0.019562145,0.008896767,-0.01965486,-0.007015348,-0.012865497,-0.00760023
2019/1/29,-0.01036476,-0.026869942,-0.009700206,-0.009075182,-0.003639435,-0.024486513,-0.001326987
2019/1/30,0.068334682,0.048027486,0.011576225,0.026101274,0.021486893,0.015586963,0.015830769
2019/1/31,0.007201234,0.028914665,-0.01261737,0.02541009,-0.008834707,-0.01295591,0.008782443
2019/2/1,0.000480654,-0.053818809,0.019613639,-0.006457132,0.034168103,0.001817468,0.000481625
2019/2/4,0.028404972,0.004353676,0.021567997,0.020382301,0.010055428,0.001612538,0.007035448
2019/2/5,0.017109442,0.015612467,0.007988674,0.009155219,0.016050325,0.020929785,0.004191848
2019/2/6,0.00034454,-0.011182744,0.004245627,-0.025159072,-0.00219948,0.007293475,-0.001318257
2019/2/7,-0.018939394,-0.015784092,-0.006482525,-0.015121678,-0.013426893,-0.01076319,-0.009532797
2019/2/8,-0.003100503,-0.016198284,0.000283631,-0.003191968,-0.007921999,-0.005143383,0.001221537
2019/2/11,-0.005750907,0.001750406,0.009359104,-0.000235862,-0.001433251,0.010737741,0.000554568
2019/2/12,0.008617176,0.029547461,0.01685864,0.023100897,0.025425425,0.0163289,0.012859401
2019/2/13,-0.004154766,0.001214883,0.001934208,0.000931241,0.009198221,-0.001355014,0.003246932
2019/2/14,0.003643272,-0.010579254,0.001654771,0.000504989,0.006736675,-0.000387672,-0.002218208
2019/2/15,-0.002224848,-0.0090593,0.007158645,-0.008474979,0.01672897,0.007950359,0.010897259
2019/2/19,0.00299256,0.012208095,0.012848468,0.006144892,-0.005032869,0.000577107,0.00173058
2019/2/20,0.00643543,-0.00336695,-0.008366991,-0.005255208,-0.000194611,0.00845997,0.002015469
2019/2/21,-0.005638575,-0.001639871,0.006532335,-0.014617305,0.0003892,-0.001906635,-0.003555874
2019/2/22,0.011165697,0.007484142,0.013791293,0.011184556,0.021007625,0.014708711,0.006199993
2019/2/25,0.007284477,0.000882555,-0.00400112,0.000689526,0.011621185,-0.002447233,0.001361231
2019/2/26,0.000573977,0.002082072,0.001071264,0.004188605,0.002448249,0.000754803,-0.000715448
2019/2/27,0.003097551,0.002866012,0.005350481,0.000784311,0.000187902,0.00018861,-0.000429597
2019/2/28,-0.009835901,-0.000767788,-0.011442256,0.003259477,-0.00525926,0.006598756,-0.001862532
2019/3/1,0.010511164,0.019453251,0.005383472,0.019501993,0.00641994,0.015171418,0.006243792
2019/3/4,0.005029479,0.014619624,-0.002677323,0.004266381,0.012007505,-0.007749114,-0.003637469
2019/3/5,-0.001819778,-0.002204962,-0.00348996,0.013672293,-0.004820152,0.002975084,-0.001360075
2019/3/6,-0.005753979,-0.013873603,-0.008351239,-0.003634995,-0.013599087,0.015943641,-0.006056921
2019/3/7,-0.011574627,-0.025764703,-0.016299972,-0.012095014,-0.006610066,-0.014051095,-0.008365403
2019/3/8,0.002376835,-0.003167319,-0.008837338,-0.000764657,-0.002281331,-0.009254118,-0.001999996
2019/3/11,0.034642229,0.030737873,0.010030677,0.025470264,0.016577706,0.015318495,0.014501243
2019/3/12,0.011235395,0.001484467,0.000827559,0.015255321,0.004123749,0.009015677,0.003770967
2019/3/13,0.00442211,0.010585191,0.004961411,0.001511847,0.014933713,0.010029158,0.006619221
2019/3/14,0.011116548,-0.002714727,-0.003017032,-0.005445957,-0.017105021,0.000180592,-0.000639767
2019/3/15,0.013008219,0.015502138,-0.001375488,-0.001869957,0.016654248,0.021660577,0.000533483
2019/3/18,0.010208511,0.017397066,-0.000826419,-0.001470218,-0.004233462,0.004063675,0.003625854
2019/3/19,-0.00792471,0.011307839,0.01654257,0.011703261,0.0012939,0.00246347,0.000247962
2019/3/20,0.008738562,0.020103893,-0.004610741,0.019934213,-0.006461104,0.003335071,-0.003009936
2019/3/21,0.036830314,0.012235218,0.013623978,0.007909094,0.015235953,0.010671798,0.011294701
2019/3/22,-0.02070835,-0.029951733,-0.014784919,-0.023039632,-0.025256241,-0.016444521,-0.019246341
2019/3/25,-0.012091075,0.005377466,0.001909932,-0.008504135,-0.009012374,-0.003167916,-0.000751982
2019/3/26,-0.010331737,0.005354345,0.004901988,-0.006297115,0.012504737,0.024011318,0.007454078
2019/3/27,0.008994101,-0.010124713,-0.001897019,-0.009942477,-0.005239502,-0.018793103,-0.005229087
2019/3/28,0.001326471,0.004372256,-0.00135767,-0.004872616,-0.000940538,-0.006325795,0.003790442
2019/3/29,0.006517571,0.004133232,0.009787928,0.003941067,0.011109019,0.008488064,0.006305511
2019/4/1,0.006791303,0.018778571,0.014539607,0.018769779,0.015083743,0.013677047,0.011859161
2019/4/2,0.014536707,-0.000115733,0.006369374,0.005471367,-0.002751734,0.004843435,0.000489851
2019/4/3,0.006854984,0.003704545,0.001846097,0.004371501,0.020603366,-0.007058013,0.001573634
2019/4/4,0.001740445,-0.001010582,0.001579284,0.00713563,0.00793075,0.003120683,0.002653376
2019/4/5,0.006694241,0.010127247,-0.005519028,-0.006560335,-0.005722461,0.00224682,0.004840219
2019/4/8,0.015736081,0.006847054,-0.000792785,-0.002616635,0.001438885,-0.00396627,0.000762387
2019/4/9,-0.002998541,-0.007578962,-0.001586908,-0.004626484,-0.006465517,-0.005540149,-0.005124869
2019/4/10,0.005614015,0.00625871,-0.000794675,0.003126334,0.007772957,-0.019324461,0.003410988
2019/4/11,-0.008324195,-0.001764715,-0.037115614,0.00260269,0.000896843,-0.007633588,-0.000277561
2019/4/12,-0.000402111,-0.00054764,-0.004130011,0.010863197,0.011111093,0.018783523,0.006765945
2019/4/15,0.001810228,0.000982028,0.001658889,0.00310784,-0.002481372,0.004038613,-0.000654821
2019/4/16,0.000100407,0.009848956,0.004416202,0.004386362,0.00764037,0.232074099,0.000655251
2019/4/17,0.019473044,0.000955378,-0.011541578,0.006680667,0.032622148,0.122498302,-0.002446898
2019/4/18,0.003593738,-0.001678449,0.000277982,0.001072424,-0.001195338,0.010242754,0.001969172
2019/4/22,0.003286569,0.013761753,0.004724903,0.009899586,0.005641956,0.026035825,0.00086201
2019/4/23,0.014423292,0.01931848,0.014384398,0.013423587,-0.000680058,0.057948029,0.008991684
2019/4/24,-0.001542279,-0.011446285,0.050450016,-0.008295294,-0.001020721,0.001268462,-0.002219318
2019/4/25,-0.00907513,0.000262916,-0.010643795,0.005785419,-0.018903269,-0.020269515,-0.000616032
2019/4/26,-0.004773948,0.025433042,0.006559958,0.007953728,-0.089914961,0.018455378,0.004656792
2019/4/29,0.001517357,-0.006254364,-0.002867596,0.014701434,-0.025176407,0.00704064,0.001567741
2019/4/30,-0.019256146,-0.006144165,0.013071895,-0.075019282,-0.001369595,-0.012836711,0.000510409
2019/5/1,0.049085583,-0.00778606,-0.024516155,-0.021385214,-0.005485952,0.002786555,-0.007516465
2019/5/2,-0.006507752,-0.005597678,-0.005555529,-0.005803989,-0.004137096,0.008915086,-0.002158956
2019/5/3,0.012431308,0.032428119,0.018355919,0.019751257,0.023738893,0.024672963,0.009787781
2019/5/6,-0.015442758,-0.006068869,-0.010449269,0.003286883,-0.010241527,-0.011647452,-0.004115199
2019/5/7,-0.026957004,-0.015149598,-0.005279857,-0.012233319,-0.014447501,-0.034560941,-0.016699726
2019/5/8,0.000197141,-0.001681406,-0.003715472,-0.006854042,-0.024564144,-0.007746432,-0.001389206
2019/5/9,-0.01074417,-0.00933377,0.002131007,-0.002400159,-0.053208832,-0.008989851,-0.003025754
2019/5/10,-0.017636548,-0.005205627,-0.006379532,-0.000282504,-0.009008966,0.024588172,0.00502338
2019/5/13,-0.058119447,-0.035608804,-0.040395986,-0.026592142,-0.031168895,-0.022716648,-0.025130236
2019/5/14,0.015830304,0.009568295,0.025926959,-0.010320328,0.009159965,0.02670161,0.009043684
2019/5/15,0.0119792,0.016863046,0.006521794,0.040840695,0.009962387,0.001509404,0.00585746
2019/5/16,-0.004399749,0.019463924,0.006209476,0.011701358,-0.001972819,-0.039995408,0.009261257
2019/5/17,-0.005681818,-0.020219414,-0.009927502,-0.013271398,-0.014056666,-0.015819322,-0.006465123
2019/5/20,-0.031269862,-0.005366522,-0.009214119,-0.020636899,-0.029627936,-0.059877264,-0.006612035
2019/5/21,0.019170966,-0.000779975,0.000547073,0.00854394,0.020661111,0.014748068,0.009015664
2019/5/22,-0.020471639,0.001162859,-0.007381109,0.001221402,-0.010346357,-0.10855308,-0.003071463
2019/5/23,-0.017069679,-0.023767569,-0.009914624,-0.009092884,0.012045432,-0.015149272,-0.012218569
2019/5/24,-0.00384061,0.004296411,0.005006954,-0.005875968,0.000898293,-0.030032273,0.002268321
2019/5/28,-0.004134794,0.00721229,0.002491005,0.000834416,-0.022436617,-0.012686845,-0.009300534
2019/5/29,-0.004769074,-0.009387841,-0.003313169,-0.017217274,0.015148038,0.005966024,-0.006710709
2019/5/30,0.005186605,-0.001577623,0.007756316,0.001312653,0.011304544,0.012621563,0.002731196
2019/5/31,-0.018115513,-0.022710756,-0.012369461,-0.013295792,-0.015425866,0.003454032,-0.013475289
2019/6/3,-0.010110264,-0.046409442,-0.008627915,-0.061238147,-0.013169891,-0.002394433,-0.002542893
2019/6/4,0.036583935,0.021781968,0.025828243,0.015162601,0.0306029,0.026852579,0.021706639
2019/6/5,0.016143353,0.00516891,0.000547345,-0.009340985,-0.005358383,-0.020891162,0.008662147
2019/6/6,0.014681758,0.009122798,0.006838074,0.00298667,0.012345657,0.008504909,0.006502675
2019/6/7,0.026616953,0.028312344,0.01901649,0.019670521,0.020620866,0.016274687,0.010007044
2019/6/10,0.012779427,0.031374187,0.016262358,0.013469131,0.016728221,0.02693258,0.004588935
2019/6/11,0.011579583,0.00164995,0.002885651,-0.001588506,0.001068355,0.009923405,-0.000242264
2019/6/12,-0.003182547,-0.004496435,0.0206644,-0.001794626,-0.011312658,-0.023161174,-0.001765244
2019/6/13,-0.000206046,0.008074135,-0.000512558,0.011037007,0.008203821,0.004885817,0.004126259
2019/6/14,-0.007262364,-0.000336847,-0.002307692,-0.004317065,-0.010920813,-0.017303003,-0.001104969
2019/6/17,0.005966566,0.008750199,0.002569982,0.006986989,-0.001298939,0.005675204,0.000380229
2019/6/18,0.023518469,0.008133469,0.01691874,0.010375792,0.026880511,0.041238576,0.01047102
2019/6/19,-0.002922651,0.003902472,0.01159574,-0.000660472,-0.006333101,-0.002223402,0.002257196
2019/6/20,0.00803564,0.004924534,-0.005233067,0.007867689,0.002549373,0.013091852,0.009554313
2019/6/21,-0.003409245,-0.003591872,0.003256538,0.010932487,0.005721551,-0.000274911,-0.006286707
2019/6/24,-0.001006137,0.001360318,-0.008489388,-0.007704172,0.003582006,0.006050646,-0.001224439
2019/6/25,-0.015157579,-0.018616439,-0.017375951,-0.02607683,-0.016376296,-0.008337903,-0.009807945
2019/6/26,0.021629063,0.010413804,0.004613045,-0.00667538,0.028601944,0.03308055,-0.000997417
2019/6/27,-0.0003003,0.003398657,0.002295918,-0.0034156,-0.015148371,0.00640431,0.003545974
2019/6/28,-0.009111865,-0.005592677,0.005344846,0.005730886,0.008638854,0.008484688,0.005145798
2019/7/1,0.018340764,0.01508211,0.009873392,0.015884697,0.003760184,0.019061351,0.009078512
2019/7/2,0.005854587,0.00630537,0.004763174,0.011454524,0.001456816,-0.006578883,0.002604306
2019/7/3,0.008286924,0.002424607,-0.004491018,0.009338499,0.008312573,-0.004934489,0.007995126
2019/7/5,-0.000880622,0.002016521,-0.002506341,0.008619893,-0.009068384,0.000391583,-0.001137875
2019/7/8,-0.020613975,0.004843205,-0.006532613,-0.014019974,-0.005407695,-0.00039143,-0.00549482
2019/7/9,0.00609939,0.018429409,0.010116287,0.006715676,-0.001463823,-0.001043899,0.00124653
2019/7/10,0.00988865,0.01464064,0.001752604,0.014782658,0.009633487,-0.028608777,0.004778031
2019/7/11,-0.00728237,-0.008099537,-0.010247439,0.002778415,0.008089587,-0.008741286,0.002344238
2019/7/12,0.007682796,0.004962372,0.011616238,0.00110133,0.027160495,0.01614439,0.00447695
2019/7/15,0.009395002,0.004967673,0.005242112,0.004513982,0.00400643,0.007076075,0.000332633
2019/7/16,-0.003459909,-0.005487393,-0.008691383,0.002564038,-0.01895453,0.003181731,-0.003225273
2019/7/17,-0.005623433,-0.008890987,-0.022294565,-0.005825925,0.004474293,0.001189428,-0.00680502
2019/7/18,0.011359704,-0.007093269,0.018959801,0.000436019,0.011135858,-0.018347399,0.003660902
2019/7/19,-0.014927589,-0.006764752,0.011063591,-0.01367625,0.00660795,0.008471117,-0.005554911
2019/7/22,0.02285406,0.01074562,0.011439916,0.006769397,0.021483947,0.012666627,0.002456442
2019/7/23,0.007817759,0.004462052,0.008851758,0.007759841,0.007789718,-0.024094721,0.007150067
2019/7/24,-0.000814001,0.003168764,0,-0.007247131,0.022608657,0.023610361,0.00469954
2019/7/25,-0.007907203,-0.013489593,-0.005361882,-0.003325383,-0.014361263,-0.006853895,-0.004777077
2019/7/26,0.003477925,-0.015589009,0.01029157,0.096202296,-0.010927914,-0.001725242,0.006700033
2019/7/29,0.009338538,-0.015748487,0.008246423,-0.002714384,0.017832875,-0.003323584,-0.001821195
2019/7/30,-0.004292217,-0.007278581,-0.00457058,-0.011144726,-0.015425577,-0.002134227,-0.002454687
2019/7/31,0.020404215,-0.016723465,-0.004591638,-0.007980496,-0.022243752,-0.022055795,-0.010940436
2019/8/1,-0.02163913,-0.006138957,-0.002185021,-0.005270007,-0.020771494,-0.02679069,-0.008707921
2019/8/2,-0.021158126,-0.017290795,-0.012651971,-0.01275816,-0.016565657,-0.000702177,-0.007529511
2019/8/5,-0.052347847,-0.031871825,-0.043617568,-0.034748184,-0.035127342,-0.033028797,-0.030073092
2019/8/6,0.018930403,0.012860215,0.022674516,0.014141551,-0.000212944,-0.009157049,0.014022905
2019/8/7,0.010355289,0.003115547,0.000755908,0.004124465,-0.004897764,0.018043187,0.000590733
2019/8/8,0.022055869,0.022019622,0.038519611,0.02575019,0.00941575,0.026801152,0.019620078
2019/8/9,-0.011994239,-0.013808826,-0.022787855,-0.014334324,-0.025227858,0.00336792,-0.006811525
2019/8/12,-0.002537479,-0.01253605,-0.014140387,-0.012112056,-0.008264506,-0.023776182,-0.012173335
2019/8/13,0.042348385,0.022084979,0.031202766,0.018927186,0.027193028,0.034097377,0.015551709
2019/8/14,-0.029765038,-0.033645048,-0.032698902,-0.027140609,-0.020708817,-0.018010571,-0.029567576
2019/8/15,-0.004981485,0.007464738,-0.005045409,0.004354688,-0.003706082,0.003950438,0.002641775
2019/8/16,0.023594706,0.009261734,0.014705908,0.00845792,0.017505448,0.029791946,0.014755005
2019/8/19,0.018644107,0.01313759,0.009245352,0.018003562,0.015698925,0.021697653,0.01204771
2019/8/20,4.75E-05,-0.008116198,-0.008913098,-0.014086429,-0.013339022,0.016027741,-0.007662543
2019/8/21,0.010838562,0.012301699,0.008743493,0.006801625,0.011802661,0.008281806,0.008135462
2019/8/22,-0.000846464,-0.010353491,-0.009410624,-5.03E-05,-0.007847359,0.00586708,-0.000307837
2019/8/23,-0.046220501,-0.030498841,-0.032499975,-0.031841734,-0.038905516,-0.047051263,-0.025687438
2019/8/26,0.01899923,0.011002389,0.018087881,0.015256938,0.013345241,-0.008296967,0.011058431
2019/8/27,-0.011283839,-0.003979964,-0.010152335,-0.000307474,0.005048288,0.01453843,-0.003923628
2019/8/28,0.006710403,0.001373597,0.027948718,0.002502566,0,0.005137177,0.007041587
2019/8/29,0.016931815,0.012554924,0.010975281,0.01745686,0.023585892,0.028244775,0.01277293
2019/8/30,-0.001291766,-0.005659418,-0.00592149,-0.003106546,0.011521251,0.017266188,-0.000444237
2019/9/3,-0.01456361,0.007628218,-0.013651005,-0.017622386,-0.009069816,-0.03407476,-0.005847228
2019/9/4,0.016966495,0.006022901,-0.002516432,0.010875953,0.041294125,0.026224613,0.011350413
2019/9/5,0.019551584,0.022270094,0.029263371,0.025307181,0.024121015,0.024646544,0.012855387
2019/9/6,-9.38E-05,-0.003916924,-0.010539216,-0.004842471,0.016367266,-0.001899,0.000772215
2019/9/9,0.004267111,-0.001178087,0.02551407,-0.000870355,0.013157935,-0.00799083,0.000503352
2019/9/10,0.011813027,-0.005897249,-0.027294733,0.000356709,0.004458228,0.006393044,-0.000234765
2019/9/11,0.031795109,0.001340222,-0.009187931,0.011860371,0.018718661,0.015118829,0.007110975
2019/9/12,-0.002236236,0.011278207,0.009774411,0.012270468,0.004167399,-0.010262828,0.00346381
2019/9/13,-0.019454014,-0.002283683,0.001985555,0.004097313,-0.008866195,-0.008472407,-0.000663855
2019/9/16,0.005257106,-0.017125708,-0.001733961,-0.006774049,-0.00647126,-0.004718824,-0.003088751
2019/9/17,0.003638036,0.008136828,0.005707196,-0.001420881,-0.004789272,0.008329075,0.002532013
2019/9/18,0.009379284,-0.002792839,-0.004194375,0.002252268,-0.004042329,0.0026687,0.000598142
2019/9/19,-0.008124954,0.002222904,0.000991105,0.004948668,-0.003285698,-0.008491749,-6.65E-05
2019/9/20,-0.014618084,-0.015009589,-0.000990124,-0.007192762,-0.016482432,-0.02288126,-0.009299814
2019/9/23,0.004546934,-0.004938236,-0.002973216,0.003943582,0.003548916,0.010465672,-0.000234706
2019/9/24,-0.004754974,-0.024472113,-0.016898632,-0.013250278,-0.021218113,-0.026022722,-0.007846806
2019/9/25,0.0153896,0.015342109,-0.008088953,0.022662157,0.024086712,0.026983902,0.00591476
2019/9/26,-0.005157671,-0.016111241,-0.008155045,-0.002929437,-0.001960055,0.001164846,-0.002083177
2019/9/27,-0.004866033,-0.008270884,-0.014131527,-0.013153199,-0.002749391,-0.009308352,-0.005387226
2019/9/30,0.023535288,0.006062235,0.015897863,-0.003923436,0.014769595,-0.004567376,0.004637762
2019/10/1,0.00276821,-0.000149783,-0.011287814,-0.012398263,-0.014942771,-0.010618747,-0.01189473
2019/10/2,-0.025067849,-0.012917376,-0.009600493,-0.023283546,-0.026989737,-0.019610481,-0.017664685
2019/10/3,0.008494702,0.00653156,-0.00576361,0.00977147,0.012958089,0.02351676,0.00819279
2019/10/4,0.028031826,0.008831943,0.009486166,0.018101028,0.017789307,0.023240393,0.013532101
2019/10/7,0.000220255,-0.004018044,-0.01279042,-0.002237862,-0.005891575,-0.014840651,-0.004314656
2019/10/8,-0.011714983,-0.015669562,-0.013220518,-0.014996892,-0.017581964,-0.045716508,-0.015524731
2019/10/9,0.011720179,0.009662787,0.014201447,0.010309814,0.01508144,0.020590255,0.009496378
2019/10/10,0.013478377,-0.00100464,0.002113659,0.005879863,0.01248021,0.008338978,0.006763488
2019/10/11,0.02659834,0.006778065,0.016345874,0.005159277,0.01917431,0.023075843,0.010366966
2019/10/14,-0.001439448,0.002604052,-0.004928612,0.001694532,-0.008638913,-0.005215046,-0.001113767
2019/10/15,-0.002331742,0.017823897,0.013555787,0.020094081,0.01955854,0.019921323,0.009900297
2019/10/16,-0.004037107,0.005686411,0.001028729,0.000611806,-0.003798689,0.005268607,-0.001606032
2019/10/17,0.003882767,0.005654189,0.004367986,0.007884191,-0.011248808,0.009459261,0.002949078
2019/10/18,0.004802805,-0.016766605,-0.006907137,-0.00669701,-0.009641342,-0.01633533,-0.004377165
2019/10/21,0.017342718,0.016016992,0.011334312,-0.000104471,0.014992212,0.016735363,0.006779169
2019/10/22,-0.002286757,-0.011161169,-0.008150765,-0.00247539,-0.002301995,-0.006457356,-0.003266709
2019/10/23,0.013418836,-0.002016127,0.00667699,0.013237234,-0.005575793,-0.015674818,0.002909585
2019/10/24,0.001644905,0.010560834,-0.091326579,0.001176801,0.009860769,0.022656655,0.001633954
2019/10/25,0.012316282,-0.010922221,0.006176334,0.00412201,0.080987919,0.0149386,0.004094986
2019/10/28,0.010017049,0.008942106,0.002790151,0.019520628,0.005313479,0.035923725,0.005636545
2019/10/29,-0.023127934,-0.008086296,0.004730162,-0.021970819,-0.007399542,-0.016736893,-0.000296726
2019/10/30,-0.000123293,0.009803104,-0.00692329,3.17E-05,0.004614803,-0.002694122,0.00306726
2019/10/31,0.022609554,-0.001870772,-0.017010624,-0.001507022,-0.001236731,-0.012278978,-0.002663339
2019/11/1,0.028380817,0.008318928,0,0.01068474,-0.000353812,0.039035305,0.009263931
2019/11/4,0.006567086,0.00737959,0.004539007,0.013645105,0.019465635,0.018066451,0.004017704
2019/11/5,-0.001436878,-0.001634697,0.001976843,0.001419,-0.001041521,0.004348373,-0.001106146
2019/11/6,0.000427752,-0.003296835,0.000563698,-0.000332908,0.000868792,-0.00971217,0.000228014
2019/11/7,0.008513451,-0.0042155,-0.017183127,0.012339123,0.007812518,0.063216427,0.003516727
2019/11/8,0.002736862,-0.001297364,0.007165377,0.001576246,0.003789854,0.045009956,0.002466121
2019/11/11,0.007918797,-0.00796805,0.003130364,-0.008189435,0.001372885,-0.023290471,-0.001909743
2019/11/12,-0.000915408,0.003584216,-0.005106383,-0.00082422,-0.002570643,-0.009472942,0.002107975
2019/11/13,0.009581646,-0.013998884,-0.01226122,-0.00079394,-0.005326495,-0.005496317,0.000323644
2019/11/14,-0.006919439,0.000849913,0.009237876,0.010006303,-0.001381897,0.000110556,0.001455781
2019/11/15,0.011879347,-0.008611642,0.008867306,0.01863042,0.002594672,0.003647159,0.007236379
2019/11/18,0.005042143,0.007496473,-0.004820017,-0.010273462,0.005003468,-0.003633906,0.000737612
2019/11/19,-0.003032572,0.000148363,-0.001139516,-0.00549309,0.001716704,-0.027851502,-0.00028843
2019/11/20,-0.011641458,-0.004141974,-0.005704506,-0.008174663,-0.007712014,-0.026602956,-0.003718796
2019/11/21,-0.004483438,-0.006198729,0.002294836,-0.001321164,0.005526753,-0.005956575,-0.001608907
2019/11/22,-0.00087786,0.006346888,0.005151689,-0.004976365,-0.010477499,-0.002584914,0.002223876
2019/11/25,0.017533792,0.016107964,0.020785849,0.009252723,0.020829717,0.004712004,0.007750206
2019/11/26,-0.007808642,0.013022581,-0.002789345,0.005637071,0.001530369,-0.007738351,0.002265667
2019/11/27,0.013432169,0.012003778,0.002797147,-0.000662601,-0.00662146,0.002008815,0.00445754
2019/11/29,-0.002202793,-0.009738721,-0.009204966,-0.006127471,-0.007861887,-0.014740566,-0.003708676
2019/12/2,-0.011562193,-0.010661968,-0.017454899,-0.011678628,-0.006718329,-0.01316584,-0.008494744
2019/12/3,-0.017830072,-0.006533462,-0.004298051,0.004562175,-0.027575442,-0.022680353,-0.006706542
2019/12/4,0.008826286,-0.005237418,0.006330964,0.018690974,-0.000891742,0.01861504,0.006170257
2019/12/5,0.014671033,-0.011478433,-0.005147269,0.006080656,0.001071082,0.006213377,0.001797977
2019/12/6,0.01931623,0.00638904,0.002012072,0.009367317,0.0130171,0.014892893,0.009134049
2019/12/9,-0.014000148,-0.001193175,-0.008319019,0.002687772,-0.004928745,0.013123336,-0.003144123
2019/12/10,0.005844448,-0.005887391,0.004339051,-7.44E-05,0.001061401,-0.009420573,-0.001115095
2019/12/11,0.00852941,0.005468006,0.005760282,0.00101273,0.008482064,0.034117866,0.002838688
2019/12/12,0.002548303,0.006639133,0.011168471,0.003154168,0.008410706,0.023680941,0.008619019
2019/12/13,0.013593163,0.000346517,0.004814472,-0.00120134,0.004170322,-0.013700179,0.00059913
2019/12/16,0.017117907,0.004696367,-0.002254735,0.010268219,-0.001557363,0.006831356,0.006870014
2019/12/17,0.00196534,0.012124097,0.014124293,-0.004269814,-0.006932444,-0.001243922,0.000219114
2019/12/18,-0.002389401,-0.003702548,-0.007242423,-0.002199426,-0.002268778,-0.003849604,6.25E-05
2019/12/19,0.001000915,0.004624362,0.011223401,0.003350746,0.013818454,0.005796715,0.004098996
2019/12/20,-0.002071224,-0.003224959,0.004161987,-0.003848287,0.01708078,0.004068256,-0.000529707
2019/12/23,0.016318336,0.003638399,0.000552639,-0.000436617,0.004749771,-0.004501981,0.001527734
2019/12/24,0.000950662,-0.002113798,0,-0.004590414,0.003039001,0.003617863,3.12E-05
2019/12/26,0.01984035,0.044466586,0.001104695,0.013418264,0.006901195,-0.004168019,0.00532326
2019/12/27,-0.000379483,0.00055118,-0.004965517,-0.005746883,0.004346406,0.004524898,-0.000247777
2019/12/30,0.005935128,-0.012252665,-0.007485473,-0.011021418,-0.007656508,-0.0041667,-0.00551322
2019/12/31,0.007306545,0.000514352,0.008659274,-0.000238817,0.003857749,-0.002261642,0.002429295
2020/1/2,0.022816333,0.027150643,0.005261645,0.021868193,0.016541387,0.005213635,0.009351924
2020/1/3,-0.009722044,-0.01213905,-0.009366391,-0.005231342,-0.012163083,-0.018829687,-0.007572232
2020/1/6,0.007968248,0.01488559,-0.005005562,0.026654062,-0.002828586,-0.005860664,0.003815052
2020/1/7,-0.004703042,0.002091556,-0.004471772,-0.001931646,-0.016686134,0.028436007,-0.002811778
2020/1/8,0.016086289,-0.007808656,-0.00056151,0.007117757,0.000678788,-0.002922356,0.005329535
2020/1/9,0.021240806,0.004799272,-0.011797697,0.010497921,0.005596032,0.01352728,0.00678065
2020/1/10,0.002260711,-0.009410597,-0.008243348,0.006458647,-0.006070826,0.003892759,-0.002877707
2020/1/13,0.021364368,0.00432253,-0.004585813,0.007746941,0.011028181,0.007866153,0.006877348
2020/1/14,-0.013503282,-0.011558244,0.017851944,-0.006555463,-0.002685014,-0.004507013,-0.001524623
2020/1/15,-0.004285519,-0.003969061,-0.000565658,0.006018486,-0.008245011,-0.009827739,0.002259856
2020/1/16,0.012526486,0.008549812,0.016699574,0.0076154,0.01221583,0.023642278,0.008318386
2020/1/17,0.011070994,-0.007039613,-0.002783909,0.020246032,-0.001005732,0.044885096,0.003112532
2020/1/21,-0.006776908,0.014629558,-0.002791709,0.001845179,0.015939615,-0.014284255,-0.001958198
2020/1/22,0.003569523,-0.002399598,0.004759182,0.00109293,0.03600332,-0.016606727,0.000120761
2020/1/23,0.004815864,-0.001525863,-0.007801561,0.000552573,0.009405388,-0.010433484,0.001146873
2020/1/24,-0.002881985,-0.012172442,-0.0070205,-0.012473916,0.081332928,-0.025543457,-0.008893078
2020/1/27,-0.029405247,-0.01788748,0.003393637,-0.023489816,-0.040601708,-0.029001661,-0.01602941
2020/1/28,0.02828934,0.013624399,0.020574944,0.013110028,0.024661226,0.024124054,0.010479181
2020/1/29,0.02093233,0.002563065,-0.045015108,0.004274354,-0.014559442,-0.010319674,-0.000826027
2020/1/30,-0.001449097,0.006824572,0.013880826,-0.00168185,0.002110644,-0.005100351,0.003245356
2020/1/31,-0.044338741,0.073791302,-0.042783798,-0.014763604,-0.038212742,-0.02813854,-0.018157904
2020/2/3,-0.002746289,-0.002250199,0.024731763,0.034771525,0.007664602,0.013714747,0.007428539
2020/2/4,0.033013685,0.022687343,0.087816257,-0.025084273,0.016144071,0.028330214,0.015241278
2020/2/5,0.008154317,-0.004781222,-0.007484603,0.000442791,0.028719784,0.022264748,0.011548007
2020/2/6,0.011696935,0.005078748,0.02343116,0.020690793,-0.003712504,-0.0033,0.003364856
2020/2/7,-0.015928145,0.014169166,-0.047368395,0.002127424,-0.015948712,-0.03520586,-0.005329657
2020/2/10,0.004749517,0.026273461,-0.004972403,0.019978263,0.005604393,0.013498056,0.007465325
2020/2/11,-0.006033289,0.007915112,0.011660161,0.000927992,0.015363835,0.015801377,0.00173305
2020/2/12,0.023747781,0.004277455,0.019484166,0.005675235,0.000741655,0.019111122,0.00644277
2020/2/13,-0.007121076,-0.004689761,0.001076635,-0.003450472,-0.000296428,-0.018425665,-0.001066964
2020/2/14,0.000246302,-0.006977166,0.025544502,0.003528479,-0.002520833,-0.004776197,0.001602112
2020/2/18,-0.018310546,0.00974289,-0.007079182,0.00046747,-0.016797949,-0.017522311,-0.002576999
2020/2/19,0.014482746,0.006749665,-0.008978083,0.003573721,0.014665891,0.028740191,0.004781234
2020/2/20,-0.010258971,-0.007888543,0.004263256,-0.005167657,-0.024735568,-0.012036186,-0.004108246
2020/2/21,-0.022635031,-0.026533893,0.013531494,-0.022103,-0.016959527,-0.027271733,-0.010298266
2020/2/24,-0.047500388,-0.041355522,-0.024607408,-0.042872728,-0.040099443,-0.042628968,-0.0331654
2020/2/25,-0.033872172,-0.018190529,-0.02147072,-0.023622075,-0.03286914,-0.037205941,-0.030302148
2020/2/26,0.015863664,0.003472316,0.006308283,0.002993555,-0.001339327,-0.006980765,-0.003678215
2020/2/27,-0.065368203,-0.048136189,-0.044971329,-0.054312586,-0.064040233,-0.046698491,-0.044911685
2020/2/28,-0.000584981,-0.000291912,-0.011415582,0.018479828,-0.005552606,0.031077179,-0.004201539
2020/3/2,0.093100722,0.037266066,0.038106237,0.035146497,0.047910663,0.028863281,0.043306506
2020/3/3,-0.031759272,-0.023009781,0.02113465,-0.035056824,-0.037985545,-0.024826217,-0.028632457
2020/3/4,0.046384569,0.035013262,0.04820264,0.032802086,0.048418777,0.041242427,0.042033025
2020/3/5,-0.03243701,-0.026216794,-0.032995608,-0.048378668,-0.029311537,-0.032151649,-0.033241688
2020/3/6,-0.013280117,-0.011922924,-0.022299892,-0.014466534,-0.020891837,-0.021472743,-0.016531112
2020/3/9,-0.079092094,-0.05285388,-0.02390764,-0.061702156,-0.088219509,-0.06234674,-0.078094469
2020/3/10,0.072021577,0.050655035,0.014639668,0.048840674,0.061553631,0.08604075,0.051744891
2020/3/11,-0.034730511,-0.037508834,-0.033573778,-0.050401137,-0.042978881,-0.054125948,-0.048748448
2020/3/12,-0.098754663,-0.079220808,-0.05167967,-0.082046389,-0.11846688,-0.101849446,-0.095677159
2020/3/13,0.11980826,0.064648318,0.029064579,0.092411467,0.195212973,0.1311549,0.0854863
2020/3/16,-0.128646948,-0.053697466,-0.051485728,-0.11634152,-0.180415194,-0.149452517,-0.109423735
2020/3/17,0.043970074,0.070266075,0.032257969,0.041994463,0.122618267,0.067928006,0.053992065
2020/3/18,-0.024479949,0.012257741,-0.059495194,-0.024032804,-0.049321104,-0.111385447,-0.050632923
2020/3/19,-0.007662059,0.027830631,-0.054313069,0.018768596,-0.035076706,0.062265093,0.002124979
2020/3/20,-0.063485563,-0.018522798,-0.068243243,-0.039094409,-0.002394362,-0.062923077,-0.048688172
2020/3/23,-0.021244146,0.030735225,-0.044960116,-0.013180888,0.081824129,0.026596602,-0.025568208
2020/3/24,0.100325393,0.019586627,0.050493546,0.071983536,0.056877771,0.046857509,0.090603262
2020/3/25,-0.005508749,-0.027967636,0.025298193,-0.025123685,-0.021755801,-0.036358036,0.014970179
2020/3/26,0.052623003,0.036933157,0.063094781,0.055645367,0.083495965,0.093532036,0.058389803
2020/3/27,-0.041402259,-0.028325389,0.00066313,-0.045282592,-0.057076016,-0.034647824,-0.029785657
2020/3/30,0.028537951,0.033603482,0.033465905,0.032469916,0.059576152,0.036642186,0.032475716
2020/3/31,-0.002040752,-0.007245592,-0.036229624,0.013643684,-0.024689186,-0.019991265,-0.014905385
2020/4/1,-0.052617045,-0.021551823,-0.042581439,-0.051508221,-0.041389469,-0.02586844,-0.045004873
2020/4/2,0.016686679,0.005834253,0.014246004,0.013546913,0.04760981,0.032169878,0.023075394
2020/4/3,-0.014371405,-0.006378882,0.007536793,-0.021781042,-0.004047783,-0.041017261,-0.014454195
2020/4/6,0.087237462,0.047729193,0.060183611,0.08281321,0.079438369,0.087689617,0.067166215
2020/4/7,-0.011582307,0.007013456,0.014111642,-0.000532359,-0.000513401,0.025088176,0.001019482
2020/4/8,0.025594635,0.015609477,0.043959423,0.020666977,0.009931472,0.008249677,0.033568415
2020/4/9,0.007216086,-0.000117469,0.02484108,-0.0003563,-0.031197033,-0.02386472,0.015217359
2020/4/13,0.019627628,0.061735156,0.027490273,0.003182648,0.027301401,0.024029072,-0.009130151
2020/4/14,0.050503158,0.052769389,0.028193442,0.045290393,0.033390102,0.057980898,0.029492871
2020/4/15,-0.009127316,0.010668616,0.01259085,-0.006267581,-0.029508754,-0.020116118,-0.021248102
2020/4/16,0.007945758,0.043554571,0.028460957,0.0001034,0.032614269,0.011317279,0.004824294
2020/4/17,-0.013568719,-0.013782111,0.006448092,0.017153993,-0.007073532,-0.008848406,0.027015438
2020/4/20,-0.020756705,0.007835835,0.004805126,-0.013956197,-0.019549387,-0.024419063,-0.017617983
2020/4/21,-0.030910325,-0.027360342,-0.000796971,-0.038845489,-0.047651217,-0.033239161,-0.030363248
2020/4/22,0.028803563,0.015192461,0.017016724,0.038155028,0.066359066,0.039532352,0.022194539
2020/4/23,-0.003875436,0.015214772,-0.008888889,0.010139787,-0.017637222,-0.011649732,-7.17E-05
2020/4/24,0.028869578,0.004488537,0.037984648,0.004271602,0.003726236,0.03021275,0.013938706
2020/4/27,0.000706831,-0.014197862,0.007115706,-0.004496311,0.003543756,-0.000789032,0.014418444
2020/4/28,-0.016209428,-0.026060573,-0.013878349,-0.030113482,-0.012106961,-0.009081363,-0.004598422
2020/4/29,0.032845231,0.025336151,-0.001279504,0.088910417,0.051914877,0.048877672,0.026178489
2020/4/30,0.021096082,0.0426896,0.020497131,0.003367579,-0.029449822,-0.003798949,-0.009310665
2020/5/1,-0.01609932,-0.075974115,-0.014561938,-0.021816296,-0.041847266,-0.038515305,-0.026473429
2020/5/4,0.014148808,0.013101236,0.014777121,0.004235932,0.009048216,0.000528834,0.002758223
2020/5/5,0.015008841,0.000781549,0.012302234,0.019744497,0.013105673,0.025766345,0.009239323
2020/5/6,0.010317274,0.014436086,0.015625025,-0.002661166,0.007319149,0.015973284,-0.00677872
2020/5/7,0.010344902,0.00695376,0.010256361,0.017726655,-0.00016901,-0.000507176,0.012066818
2020/5/8,0.02103777,0.005068402,0.018854315,0.010998435,0.008450228,0.021945908,0.016546194
2020/5/11,0.015735349,0.012350718,-0.00047452,0.013905544,0.007709117,-0.000992987,0.000205163
2020/5/12,-0.011428221,-0.021606496,-0.003085711,-0.020240891,-0.028937335,-0.025596483,-0.019931579
2020/5/13,-0.012074153,0.004654308,-0.009999952,-0.019524787,-0.011131992,-0.005355751,-0.017685864
2020/5/14,0.006143397,0.008839056,0.011062986,0.006326366,0.023207481,0.023974397,0.011967312
2020/5/15,-0.00591205,0.008761509,0.001665081,0.011939385,-0.013541012,-0.05133349,0.004596968
2020/5/18,0.023561146,0.006838791,0.009261434,0.008826996,0.028139997,0.055035042,0.030459693
2020/5/19,-0.005778436,0.00950849,-0.002352894,-0.007782403,0.00617495,-0.023142431,-0.010271183
2020/5/20,0.019448156,0.019846187,0.00731125,0.025291043,0.046608011,0.032526586,0.016988019
2020/5/21,-0.007455452,-0.02049687,-0.005619246,-0.001710263,-0.017749573,-0.032618096,-0.006903944
2020/5/22,0.006438403,-0.004029896,0.023075111,0.004613464,0.004517554,0.008974321,0.001899067
2020/5/26,-0.006773508,-0.006163527,-0.002071346,0.005752742,0.001284966,-0.008640407,0.012320556
2020/5/27,0.004356935,-0.004736117,0.01821958,-0.000766842,0.019570115,0.016277929,0.014879003
2020/5/28,0.00044015,-0.003854063,0.001811959,-0.001436364,-0.029263687,-0.014882078,-0.001844951
2020/5/29,-0.000974064,0.017187963,0.029617929,0.010773938,0.019935154,0.035462757,0.004455907
2020/6/1,0.01229793,0.011738566,-0.007465964,0.00094172,-0.017003003,-0.014218522,0.004041736
2020/6/2,0.004629448,0.000554371,0.017256615,0.005185183,0.004203007,0.061457341,0.008280148
2020/6/3,0.005505041,0.002422733,0.010221857,-0.002121637,-0.00305858,-0.006144346,0.013308252
2020/6/4,-0.008612168,-0.007181974,0.062648007,-0.017335384,0.01679317,0.022946142,-0.002626715
2020/6/5,0.028480987,0.009103431,-0.010940052,0.018185654,0.021756312,0.029172501,0.025629533
2020/6/8,0.005912495,0.016536472,-0.00204832,0.00556938,-0.010413398,0.031846413,0.012087481
2020/6/9,0.031578001,0.030427187,0.021141194,0.002789921,-0.009894723,-0.017730141,-0.007456692
2020/6/10,0.025727504,0.017913245,-0.010050251,0.008690978,0.013166212,0.014039019,-0.005580002
2020/6/11,-0.048010442,-0.033802335,-0.026599005,-0.042875626,-0.065288838,-0.0768048,-0.05764895
2020/6/12,0.00863351,-0.005058696,-0.005840613,0.007860775,-0.006197638,0.014520365,0.01197567
2020/6/15,0.012367191,0.010868249,0.004825829,0.005534599,0.012978189,0.013491331,0.009335647
2020/6/16,0.026502219,0.016554756,0.004802673,0.018110267,0.004991747,0.036231023,0.01924769
2020/6/17,-0.001391706,0.00983071,0.006442249,0.00419647,0.001490066,0.004691745,-0.004153844
2020/6/18,0.000398237,0.004922415,0.000206463,-0.012681264,-0.00677798,-0.000222415,0.000385019
2020/6/19,-0.005714645,0.00792396,-0.003096573,-0.006610312,-0.007656508,-0.012344306,-0.010071153
2020/6/22,0.026163777,0.014508379,0.018016131,0.018264276,0.007883278,0.003603187,0.006415176
2020/6/23,0.021344788,0.018641562,0.013018694,0.00918199,-0.002829123,0.002468316,0.004603673
2020/6/24,-0.017652045,-0.010855847,-0.020682711,-0.021366432,-0.013851769,-0.002350297,-0.025508708
2020/6/25,0.013275565,0.007380111,0.012917818,0.005863073,-0.009815569,-0.002019296,0.010720543
2020/6/26,-0.030725776,-0.022402675,0.030161881,-0.05451387,-0.017261973,-0.010566569,-0.023751482
2020/6/29,0.023046676,-0.004638261,0.008253134,0.025415771,0.013391304,0.011247501,0.014697561
2020/6/30,0.008347581,0.029264578,0.022217891,0.014944498,0.026771958,0.02471629,0.012809545
2020/7/1,-0.001891458,0.043453317,0.009723508,0.016889355,-0.01704832,-0.015678106,0.007004813
2020/7/2,0,0.004029631,0.026435084,0.019368969,0.005441251,0.023279172,0.005506963
2020/7/6,0.026750225,0.057689509,0.033296486,0.020218629,0.006933874,0.011429139,0.015437264
2020/7/7,-0.003102859,-0.018619292,0.014776607,-0.006488167,-0.020658381,-0.008394307,-0.010313796
2020/7/8,0.023290112,0.026995582,0.022280702,0.009181655,0.005144915,0.015085739,0.007648652
2020/7/9,0.004300317,0.032949091,0.016303432,0.010016,-0.003241819,-0.002993681,-0.005692922
2020/7/10,0.00174926,0.005457787,0.000844292,0.013399955,0.01900036,-0.007935635,0.010210544
2020/7/13,-0.004613188,-0.03,-0.016365801,-0.017400816,-0.01595829,-0.012755378,-0.008658963
2020/7/14,0.016548422,-0.006443299,0.013379125,0.005706807,0.006828235,0.011496715,0.012959017
2020/7/15,0.006877315,-0.024361181,-0.01167913,-0.002616927,0.000847728,0.00184029,0.009187235
2020/7/16,-0.012304927,-0.002981257,0.004452869,-0.0012921,0.001863459,-0.014586774,-0.00329345
2020/7/17,-0.002020254,-0.012643732,-0.008866172,0.00127395,0.014541782,0.011293926,0.002899068
2020/7/20,0.02107393,0.079295239,0.005848959,0.030978667,0.0191667,0.010191857,0.00808158
2020/7/21,-0.013801673,-0.018314976,-0.032153258,-0.005064407,-0.00735897,-0.009230439,0.002127538
2020/7/22,0.002809268,-0.01222963,-0.004417742,0.005739326,0.00576603,0.003141588,0.005692055
2020/7/23,-0.045516441,-0.03656876,-0.021121725,-0.030737756,-0.010646962,-0.031641469,-0.011931696
2020/7/24,-0.002477279,0.007486854,-0.000544025,-0.005630486,-0.162417246,-0.00869855,-0.006440383
2020/7/27,0.023700265,0.015387649,0.038280135,0.014069721,-0.020162087,0.042861942,0.007292433
2020/7/28,-0.01642755,-0.017962721,-0.015376586,-0.016855972,-0.006657212,-0.013484359,-0.006342392
2020/7/29,0.019168376,0.011065433,-0.03229812,0.013207851,-0.023761209,0.017277223,0.012298726
2020/7/30,0.012100179,0.00604901,0.003484357,0.009753782,-0.001664198,0.152208999,-0.003567926
2020/7/31,0.104688635,0.036960842,0.010233881,-0.032774979,-0.005417837,-0.01474019,0.007902204
2020/8/3,0.025197609,-0.016681004,0.023335764,-0.003487981,0.011942154,0.037685778,0.006952162
2020/8/4,0.00667815,0.008657178,-0.004242496,-0.006379968,0.017184307,0.012409901,0.003862614
2020/8/5,0.003624666,0.021090645,0.005858299,0.003929897,-0.004274435,0.003965768,0.006210953
2020/8/6,0.034889231,0.006230822,-0.027885598,0.017483713,-0.007154497,-0.002962573,0.006684539
2020/8/7,-0.024494573,-0.017841873,0.002360149,-0.004372209,-0.011117995,-0.025301621,0.000717913
2020/8/10,0.0145348,-0.006093226,-0.015214635,-0.00103449,0.024776224,-0.017459575,0.002988911
2020/8/11,-0.029739868,-0.021437917,-0.001471363,-0.01087633,-0.020926493,0.023223025,-0.008254668
2020/8/12,0.033234304,0.026478029,0.022103536,0.018033927,0.020751194,0.063952944,0.01394235
2020/8/13,0.017697549,-0.000385793,0.014236745,0.006243222,-0.012807441,-0.020554426,-0.001807773
2020/8/14,-0.000891236,-0.004112597,0.000177719,-0.007925374,0.006795675,0.002909743,2.97E-05
2020/8/17,-0.002610822,0.010924293,0.018831,0.007716173,0.000818184,-0.013715474,0.003176606
2020/8/18,0.008332806,0.040874709,-0.005579756,0.026077692,-0.00572242,-0.001337146,0.002160371
2020/8/19,0.001254706,-0.015701183,0.011923549,-0.007179707,-0.006577595,-0.008836901,-0.004163725
2020/8/20,0.022189617,0.011314327,-0.000866384,0.020484145,0.017380426,-0.003422163,0.003113566
2020/8/21,0.051532453,-0.003836435,0.009538658,-0.000431438,0.002237157,0.021145815,0.003547393
2020/8/24,0.011960239,0.006922962,0.009792132,0.006080389,-0.002840909,0.025752248,0.01013315
2020/8/25,-0.008203731,0.011800605,-0.01241919,0.013058671,0.005901526,0.000345035,0.003499306
2020/8/26,0.013599055,0.028495561,0.009130112,0.023837861,0.002427655,0.000776231,0.010025607
2020/8/27,-0.011954372,-0.012159187,-0.038750443,-0.009494374,-0.003027185,-0.000172389,0.002186552
2020/8/28,-0.001619862,0.000529426,-0.036228041,0.006699355,0.020850161,0.018789864,0.006459392
2020/8/31,0.033912144,0.014451147,0.009397439,-0.006038699,0.010311342,0.007614222,-0.003622537
2020/9/1,0.039832612,0.013955582,-0.020627912,0.015679323,-0.003140334,0.024433283,0.009418591
2020/9/2,-0.020718432,0.009239418,0.026840595,0.037647764,0.028745796,0.009589361,0.014463999
2020/9/3,-0.080060864,-0.046284091,-0.035033581,-0.051170674,-0.035598105,-0.054797857,-0.034414304
2020/9/4,0.00066183,-0.021787376,-0.011662886,-0.029640842,-0.006151955,-0.003950863,-0.008164706
2020/9/8,-0.067294966,-0.043944377,-0.019223487,-0.036434115,-0.023362659,-0.053462136,-0.027322929
2020/9/9,0.039886545,0.037706682,0.037065788,0.015509323,0.014516438,0.038717319,0.019747361
2020/9/10,-0.032645772,-0.028605431,-0.020958066,-0.013688935,-0.013301089,-0.013857175,-0.017363648
2020/9/11,-0.013128893,-0.018547431,0.008600917,-0.006742924,0.006535948,0.008715724,0.000509099
2020/9/14,0.030000009,-0.004251946,-0.008906595,-0.004571999,0.002638007,0.00035268,0.013171266
2020/9/15,0.001560333,0.017131945,-0.009942639,0.017424123,0.011940903,0.027498705,0.005052361
2020/9/16,-0.029513623,-0.024723249,-0.026264987,-0.015002103,0.00739998,-0.017327191,-0.003968621
2020/9/17,-0.015963623,-0.022536667,-0.035303433,-0.016566426,-0.000992635,0.002793287,-0.008795263
2020/9/18,-0.031720139,-0.017887969,-0.000616735,-0.024175592,-0.00854533,-0.036472799,-0.015453794
2020/9/21,0.030325778,0.001881634,0.031474963,-0.014437389,-0.003407456,0.011112079,-0.011129572
2020/9/22,0.015715806,0.056923401,0.015556422,0.020753165,0.004625905,0.01697643,0.010184381
2020/9/23,-0.041946115,-0.041268871,-0.004713237,-0.034545309,-0.022622642,-0.028553857,-0.023190958
2020/9/24,0.010268838,0.00664362,0.021704795,0.009557305,0.006964359,0.01465137,0.002665463
2020/9/25,0.037516152,0.024948703,0.013518753,0.011385571,0.015866538,0.020590052,0.016166958
2020/9/28,0.023868899,0.025498176,0.029725629,0.013619984,0.029835824,0.034672498,0.016609348
2020/9/29,-0.007567876,-0.009190204,-0.025721669,0.005045717,-0.004666556,-0.009200675,-0.005446025
2020/9/30,0.015075835,0.001224243,-0.010446419,-0.00028652,0.011525689,0.002555827,0.007581972
2020/10/1,0.008462162,0.023034693,0.005374338,0.015215644,0.008883797,0.015635597,0.00642
2020/10/2,-0.032280195,-0.02988272,-0.013363898,-0.02170848,-0.023545252,-0.03388551,-0.00949446
2020/10/5,0.030791038,0.023743984,0.001741486,0.018707049,0.01333074,0.043734268,0.017733088
2020/10/6,-0.028669494,-0.031020252,-0.040757195,-0.021452181,-0.006190753,-0.008131397,-0.014215967
2020/10/7,0.016967108,0.030881038,0.025775252,0.00559606,0.02530658,0.029195231,0.017406673
2020/10/8,-0.000955865,-0.001608383,0.022379329,0.016646819,0.013290318,-0.005608413,0.00886251
2020/10/9,0.017395842,0.030120152,0.06470812,0.018214473,-0.010305396,0.02068013,0.00893015
2020/10/12,0.063520569,0.047549947,-0.001262399,0.035843634,0.020068175,0.01457515,0.016087608
2020/10/13,-0.026527363,0.000203301,0.039906085,0.001585067,-0.00092797,0.006077804,-0.006526085
2020/10/14,0.00074322,-0.023208046,-0.019621479,-0.002316428,-0.005201616,0.018986396,-0.006283415
2020/10/15,-0.003960748,-0.007450125,-0.018774301,-0.005097714,0.005602222,-0.010009262,-0.001235861
2020/10/16,-0.014000514,-0.019750481,0.007761733,0.007862563,0.005756769,0.003499743,-0.000604291
2020/10/19,-0.025541876,-0.020013995,-0.027046426,-0.024079863,0.007754838,-0.004727591,-0.015203429
2020/10/20,0.013191921,0.003055631,-0.002209113,0.013810913,-0.021070025,-0.000934395,0.004005716
2020/10/21,-0.005446336,-0.009968906,-0.025461273,0.022506921,0.001310125,0.001948558,-0.001892929
2020/10/22,-0.009583323,-0.002681381,-0.010034059,0.013032897,0.007476673,-0.001322427,0.005485291
2020/10/23,-0.006133901,0.008815011,0.028686173,0.016381777,-0.105751406,0.003894687,0.003395183
2020/10/26,8.69E-05,0.00082391,-0.008365886,-0.029816618,-0.030705394,-0.020794599,-0.018479912
2020/10/27,0.013472359,0.024723745,0.003936989,0.009209151,-0.023116481,-0.002297884,-0.003447403
2020/10/28,-0.046312188,-0.037595143,-0.005602222,-0.055088534,-0.030455719,-0.034389658,-0.034178928
2020/10/29,0.037050388,0.015249237,-0.074554009,0.030500367,-0.003163819,0.039973679,0.010163494
2020/10/30,-0.056018028,-0.054456419,-0.033482103,0.038044024,0.003853956,-0.024359387,-0.01042488
2020/11/2,-0.000826787,-0.010430948,0.005038799,0.005080076,0.004065041,0.004944877,0.011208437
2020/11/3,0.015353545,0.014621476,0.021934385,0.01313786,0.008771908,0.01193834,0.017655926
2020/11/4,0.040836607,0.063229685,-0.022485651,0.060881312,0.01895213,0.02805902,0.022349225
2020/11/5,0.035493711,0.024941715,0.033249686,0.009536916,-0.000437659,0.127471527,0.019502768
2020/11/6,-0.002856398,-0.003199844,0.025905667,-0.001571643,-0.006348533,-0.002750904,-0.000228375
2020/11/9,-0.019968,-0.050622589,-0.046754765,0.000960411,0.004626548,-0.016550542,0.012565667
2020/11/10,-0.003008932,-0.034583003,-0.036837728,-0.013455094,-0.00350875,-0.017530327,-0.001466575
2020/11/11,0.030352651,0.033729554,0.025139621,0.005472694,0.020026387,0.054100356,0.00742855
2020/11/12,-0.002343284,-0.008640897,-0.023475142,-0.002524015,-0.030204899,-0.025594136,-0.009700905
2020/11/13,0.000419453,0.005957673,0.044644731,0.016892201,0.011345895,0.002432013,0.013844498
2020/11/16,0.008720451,0.000719123,-0.002465564,0.000998736,0.016058073,0.03334266,0.012482549
2020/11/17,-0.007564455,0.001469104,-0.004531349,-0.006972822,-0.014288807,-0.002213738,-0.005378305
2020/11/18,-0.011391239,-0.009631131,0.004138154,-0.011931938,-0.01032282,-0.011362121,-0.012034818
2020/11/19,0.005168178,0.003722495,0.025757264,0.010300769,0.012427829,0.003264169,0.004210172
2020/11/20,-0.010957544,-0.005652873,-0.015869767,-0.012618174,-0.005041649,-0.010167424,-0.006847817
2020/11/23,-0.029742612,-0.000325872,0.018575219,-0.005079502,0.014761005,-0.015133822,0.005994439
2020/11/24,0.011594203,0.006348512,0.01262519,0.021035428,0.020625206,0.014671019,0.016113719
2020/11/25,0.007467231,0.02149093,-0.001583178,0.000130382,0.000850904,-0.01267725,-0.001541757
2020/11/27,0.004826312,0.003224425,0.017641209,0.012975243,0.008501637,-0.001735147,0.002785002
2020/11/30,0.02109964,-0.008543707,-0.017724971,-0.01825385,0.01896727,0.023221831,-0.004427132
2020/12/1,0.030827366,0.016426572,0.001784652,0.023346991,0.025025916,0.02779097,0.010937389
2020/12/2,0.002933515,-0.005139639,0.016429097,0.016492506,0.006860391,-0.008462244,0.002103765
2020/12/3,-0.001137472,-0.00524423,-0.020642591,-0.001715099,0.021843686,-0.000466676,-0.000272655
2020/12/4,-0.00561251,-0.007578271,0.013521575,0.001053904,0.019611688,0.051430797,0.008617644
2020/12/7,0.012269939,-0.001448209,-0.01844226,-0.003690168,-0.034429716,0.002537806,-0.002054914
2020/12/8,0.005090885,0.006108309,-0.002798321,-0.003137027,0.009760916,0.004936078,0.002926162
2020/12/9,-0.020903667,-0.023003908,-0.007817178,-0.018478119,-0.01223119,-0.017506291,-0.008968871
2020/12/10,0.011988824,-0.000872998,0.002020162,-0.005742838,0.003794647,-0.001730573,-0.000327096
2020/12/11,-0.006734778,0.004813793,-0.009475746,0.004044932,-0.010545126,-0.073643666,-0.001172587
2020/12/14,-0.005146679,0.013011741,0.008955811,-0.012700044,0.014880374,0.013931203,-0.004477161
2020/12/15,0.050090311,0.002581636,0.050635505,0.005033469,0.003962691,0.014150031,0.013519421
2020/12/16,-0.00054738,0.023961127,0.030145928,-0.00220888,0.008881015,0.009301725,0.001569353
2020/12/17,0.006963454,-0.001505691,-0.011183653,-0.009492389,-0.009193995,-0.001402471,0.005591963
2020/12/18,-0.015850762,-0.01063947,0.000188539,-0.00821026,-0.062981301,-0.014110888,-0.008220495
2020/12/21,0.012395326,0.001414905,-0.028081436,0.004831417,-0.023177371,-0.004205637,-0.003575513
2020/12/22,0.028464549,0.000106073,0.000969537,-0.008267277,-0.004098425,-0.003133563,-0.00168541
2020/12/23,-0.006976023,-0.006627122,-0.009492406,0.004656386,0.008663678,0.004236784,0.000898641
2020/12/24,0.007712232,-0.003949454,-0.019753608,0.003431288,0.010736526,0.012452272,0.003890396
2020/12/28,0.035765712,0.035071193,0.002394314,0.02295055,0,-0.007056846,0.008590821
2020/12/29,-0.013314851,0.011583588,0.012340744,-0.009132084,0.049288273,0.005076486,-0.001907789
2020/12/30,-0.008526685,-0.010881969,-0.006095202,-0.012237171,-0.012958069,0.009832258,0.0014268
2020/12/31,-0.007702655,-0.008801426,-0.005934698,0.009439893,0.021948718,0.01593864,0.005080822
2021/1/4,-0.024719255,-0.021584759,0.024875622,-0.015125759,-0.003010879,-0.025206749,-0.013613983
2021/1/5,0.012363735,0.010004339,0.010291243,0.008064308,0.018924966,0.026464599,0.006887329
2021/1/6,-0.033661531,-0.024896653,0.022871459,-0.009867558,0.009681822,-0.008134823,0.005978513
2021/1/7,0.034123223,0.007577167,-0.003006389,0.029868569,0.021330744,0.029829982,0.014857497
2021/1/8,0.008631263,0.006495573,0.026762137,0.01323872,-0.010346752,0.006037264,0.005697716
2021/1/11,-0.023248822,-0.021519462,-0.010095448,-0.023105587,-0.002129739,-0.003383542,-0.006740828
2021/1/12,-0.001395511,0.002125777,0.03912481,-0.010738537,0.032984109,-0.010633553,0.00021122
2021/1/13,0.016226677,0.014438407,-0.005888687,0.005651995,0.069684426,0.019229531,0.00269298
2021/1/14,-0.015127168,-0.012135584,-0.007898026,-0.00934609,0.040386286,0.021788896,-0.003501983
2021/1/15,-0.013730548,-0.007424522,0.002713914,-0.001906529,-0.02818562,-0.023375877,-0.007292657
2021/1/19,0.005427112,0.005318518,0.02814872,0.032906528,0.007120528,0.042523446,0.007851961
2021/1/20,0.032856113,0.045700365,-0.014215549,0.053573317,0.01172609,0.005068095,0.013838693
2021/1/21,0.036658305,0.013363479,0.004094784,0.002170174,0.064598622,0.000911264,0.000911654
2021/1/22,0.016073735,-0.004463276,0.001063777,0.00446357,-0.092859416,-0.014142653,-0.003539416
2021/1/25,0.027683834,0.000537636,0.013992225,0.000908806,-0.021531963,0.012190592,0.00394382
2021/1/26,0.001679303,0.009754063,0.033537083,0.007216421,-0.004148629,-0.011252987,-0.00156093
2021/1/27,-0.007683752,-0.028125722,-0.013858375,-0.046652172,-0.029342493,-0.054629375,-0.024440462
2021/1/28,-0.034985232,0.001559138,-0.032733489,0.018835152,0.046277291,0.012234041,0.0086002
2021/1/29,-0.037420593,-0.009704711,0.001240237,-0.013943431,-0.009987551,0.004692999,-0.02001959
2021/2/1,0.016520096,0.042629884,0.034684181,0.035958958,0.02125745,0.033913508,0.01664551
2021/2/2,0.006336708,0.011104233,-0.019497161,0.013760743,0.02310815,0.019804412,0.014140225
2021/2/3,-0.007778376,-0.01996153,0.012384423,0.072824987,-0.005517241,-0.015050346,0.000786314
2021/2/4,0.025757779,0.00557579,0.053066815,-0.00254993,0.019244123,-0.088293295,0.011365709
2021/2/5,-0.004585516,0.006349415,0.018161011,0.017140477,-0.010375931,-0.014394843,0.003935858
2021/2/8,0.001096878,-0.008713799,0.025871766,-0.002063384,0.016844276,0.010559579,0.007221942
2021/2/9,-0.006573727,-0.005398816,-0.025219298,-0.004379966,-0.006423276,-0.008617207,-0.000665822
2021/2/10,-0.004558459,-0.00557335,0.001446248,0.005343616,0.001361041,-0.004174944,-0.000435652
2021/2/11,-0.001920334,-0.007439403,-0.000160446,0.001087966,0.030581022,0.000412357,0.001615064
2021/2/12,0.001775993,0.004776045,0.011234103,0.003006597,0.018958144,0.016625433,0.004939787
2021/2/16,-0.01610396,-0.002672601,-0.002221854,0.007479569,0.010677884,-0.005541235,-0.000866002
2021/2/17,-0.017644012,0.012141496,0.002863051,0.003752388,-0.009924812,-0.01637676,0.000229485
2021/2/18,-0.008636419,0.005920888,-0.003965107,-0.006046416,-0.003880307,-0.005803081,-0.004256005
2021/2/19,0.001233428,-0.023535056,-0.013057309,-0.008072903,0.022723535,0.007157237,-0.001765976
2021/2/22,-0.029798992,-0.021280628,-0.006776363,-0.016540541,-0.036502128,-0.037808713,-0.007691716
2021/2/23,-0.001111103,0.00432604,-0.003086452,0.002852661,0.006753418,-0.01677909,0.001214379
2021/2/24,-0.004052145,-0.010946931,-0.032426235,0.011499301,0.033867802,0.029025752,0.011019326
2021/2/25,-0.034782609,-0.032400425,-0.040417665,-0.0325654,-0.044152509,-0.039475597,-0.024095776
2021/2/26,0.002231622,0.011700409,-0.009828045,0.002956464,0.006291341,0.004869793,-0.005152622
2021/3/1,0.05385122,0.01720374,0.036511912,0.023616223,0.034550873,0.024230876,0.0242402
2021/3/2,-0.020893638,-0.016404186,-0.025478762,-0.002502794,-0.026081409,-0.017564068,-0.007803219
2021/3/3,-0.024456561,-0.028931705,-0.041937251,-0.025706205,-0.021881123,-0.039258532,-0.013245708
2021/3/4,-0.015811904,-0.009128097,-0.023076887,0.011196136,-0.02621035,-0.029317947,-0.012374812
2021/3/5,0.010738375,0.007687441,0.007873978,0.031043356,0.041316645,0.015258192,0.018396583
2021/3/8,-0.041673506,-0.016167525,-0.005022247,-0.042712005,-0.014652683,-0.050481719,-0.004978766
2021/3/9,0.040649664,0.037568437,0.050102746,0.01636861,0.047117796,0.047970813,0.014277512
2021/3/10,-0.009166678,-0.001701097,-0.014776536,-0.002043779,-0.006701739,-0.009604198,0.006224588
2021/3/11,0.016502717,0.018298491,0.016263137,0.03160319,0.017028129,0.030265128,0.010139155
2021/3/12,-0.007625451,-0.007740292,-0.007823666,-0.024060498,-0.006476054,-0.013359716,0.001346782
2021/3/15,0.024456738,-0.002527944,0.033512527,0.002165825,0.014149427,0.012771219,0.005963574
2021/3/16,0.012742979,0.00330345,-0.00433501,0.014334784,0.015519642,0.015268877,-0.00126132
2021/3/17,-0.006450569,0.014188829,0.027516581,-0.000801348,0.015436863,0.002020232,0.003409881
2021/3/18,-0.033905121,-0.034358823,-0.001694881,-0.029238028,-0.031164473,-0.031137978,-0.014549662
2021/3/19,-0.004480221,0.015511931,0.014091646,0.002780331,0.000470705,0.009788085,-0.005108818
2021/3/22,0.028335703,0.011678252,0.00937554,0.001840184,0.029328718,0.023431475,0.007984967
2021/3/23,-0.006888711,0.008560268,0.00033173,0.005239606,-0.032759365,-0.011708495,-0.007870797
2021/3/24,-0.019993512,-0.016073285,-0.044271298,-0.004310879,-0.022684294,-0.040295833,-0.005083469
2021/3/25,0.004163544,-0.013219673,0.007807096,-3.45E-05,-0.000322389,0.000786279,0.005625576
2021/3/26,0.005141413,0.001894132,0.047168222,-0.003803264,0.045952967,0.04486177,0.016114957
2021/3/29,0.001485026,0.007765307,-0.016110537,0.010401416,-0.005703761,-0.01293331,-0.000505106
2021/3/30,-0.012274463,-0.006645558,0.007852999,0.000332357,-0.011317829,-0.008836771,-0.002652959
2021/3/31,0.018765638,0.012696025,0.015252023,0.007842797,0.003606712,0.019060756,0.004053343
2021/4/1,0.006958641,0.021628374,0.03053558,0.032610597,0.008593797,0.039218622,0.010799077
2021/4/5,0.023577252,0.020794046,0.009190271,0.041872837,0.030828782,0.018433915,0.014353112
2021/4/6,0.002462248,-0.000901815,-0.018370215,-0.004371395,-0.014728028,-0.016176184,-0.000590585
2021/4/7,0.013390405,0.01723726,-0.012156142,0.013475109,0.010524741,0.009923186,0.001157296
2021/4/8,0.019233768,0.006071299,0.006962452,0.005091447,0.012075517,0.006526594,0.004746779
2021/4/9,0.020251603,0.022095566,0.004502364,0.008993833,0.018046218,0.001638955,0.007270149
2021/4/12,-0.013233045,0.002132122,0.002721274,-0.011472299,-0.041752094,-0.022266521,0.00036459
2021/4/13,0.024306521,0.006098766,0.01883782,0.004370368,-0.0029048,-0.001018619,0.002963682
2021/4/14,-0.017853114,-0.019705882,-0.016139126,-0.005553519,-0.015792686,-0.01857249,-0.003415136
2021/4/15,0.018707877,0.013828409,0.025003981,0.019331771,0.012930285,0.022931325,0.010742454
2021/4/16,-0.002527851,0.006022288,0.008856417,-0.001093972,-0.004152522,0.002684351,0.003342427
2021/4/19,0.005068515,-0.008068956,-0.017557354,0.003070862,-0.017297282,-0.021416734,-0.004913049
2021/4/20,-0.012829984,-0.011067603,-0.031352876,-0.004694815,-0.014615747,-0.013678418,-0.007321543
2021/4/21,0.0029299,0.008195688,-0.000161871,-0.000289561,0.015948963,0.020914604,0.0094621
2021/4/22,-0.011685378,-0.015758378,-0.016833879,-0.011337186,-0.017739419,-0.023643446,-0.009133122
2021/4/23,0.01803854,0.009622079,0.002798782,0.021047499,-0.053220361,0.018500353,0.010842412
2021/4/26,0.002977918,0.020389873,0.010999869,0.004347959,-0.008102701,0.026065231,0.002087621
2021/4/27,-0.00244954,0.002472846,0.001948668,-0.008203691,-0.013444469,-0.006836586,-0.000215503
2021/4/28,-0.006027212,0.012017823,0.010048606,0.029707837,-0.00603764,-0.01043394,-0.000287399
2021/4/29,-0.00074866,0.003703935,-0.100288832,0.014293938,0.011454356,0.044738857,0.006372794
2021/4/30,-0.015133271,-0.001120654,-0.00499374,-0.016407834,-0.012868909,-0.027193651,-0.006570514
2021/5/3,0.00821532,-0.023340101,0.042301505,-0.004427415,-0.004693221,-0.009870389,0.002156779
2021/5/4,-0.035385508,-0.022034577,-0.007910627,-0.015471089,-0.006287042,-0.024084975,-0.006169337
2021/5/5,0.001955479,-0.012479378,0.009533767,0.003441928,-0.000878805,0.003951678,0.000312798
2021/5/6,0.01280249,0.010955401,0.009958757,0.009754782,0.005980669,0.010026038,0.007985585
2021/5/7,0.003622645,-0.004464113,0.016320962,0.006237762,0.008393058,0.013602985,0.007277992
2021/5/10,-0.025804537,-0.030720563,0.027768485,-0.025587468,-0.029478014,-0.0646355,-0.009902381
2021/5/11,-0.00741028,0.010474856,-0.016438786,-0.009464357,-0.016616044,-0.004420715,-0.008924752
2021/5/12,-0.024938503,-0.022323816,-0.035578372,-0.030752516,-0.025799454,-0.029212372,-0.021245231
2021/5/13,0.01791972,0.003023544,0.007892982,0.013084894,0.007273387,0.019980725,0.012012518
2021/5/14,0.019844731,0.019430813,0.036091231,0.022135019,0.024810221,0.023916238,0.015355338
2021/5/17,-0.009258533,0.014735174,0.013637824,0.004626111,-0.000361265,-0.002689136,-0.002544525
2021/5/18,-0.011245736,-0.011653003,-0.006484001,-0.011555647,-0.008855991,-0.006856695,-0.008615679
2021/5/19,-0.001281506,-0.000148496,-0.024473813,0.003991226,0.009482148,0.013575362,-0.002621782
2021/5/20,0.021012078,0.004913634,-0.005352065,0.015606406,0.010657514,0.015153796,0.010757957
2021/5/21,-0.014767088,-0.013732835,0.026063544,-0.00555715,0.002323521,-0.0088962,-0.000818717
2021/5/24,0.013314183,0.013084254,-0.000819387,0.02916581,0.015691815,0.011029948,0.010194271
2021/5/25,-0.001573533,0.004332851,0.005412465,0.000775115,-0.001580056,0.006320036,-0.002218725
2021/5/26,-0.000394043,0.001874737,0.00228385,0.00738083,0.000879181,-0.004934609,0.001984547
2021/5/27,-0.012376815,-0.010734483,-0.031412777,-0.007406651,0.014230535,0.004132565,0.000524977
2021/5/28,-0.005348005,-0.002179504,0.023021392,-0.002467467,-0.010566447,0.006734466,0.001788738
2021/6/1,-0.002648279,-0.001371415,0.008048587,0.01032303,-0.004026611,-0.004459574,-0.000880859
2021/6/2,0.006276143,0.004766001,0.033241014,-0.004447309,0.010370909,-0.000895886,0.001572602
2021/6/3,-0.012154142,-0.01452694,0.010408453,-0.009706448,-0.021572686,-0.015244417,-0.003711365
2021/6/4,0.019022163,0.006027581,0.018105244,0.019590382,0.020092407,0.019426294,0.009145873
2021/6/7,7.95E-05,-0.002560636,0.003372589,0.003647264,-0.004880582,-0.007592594,-0.000970194
2021/6/8,0.00667193,0.020669134,0.005347686,-0.001606838,-0.001576458,0.006600585,0.000213167
2021/6/9,0.003077158,0.005220349,0.00243155,0.003960908,0,-0.009761535,-0.001491913
2021/6/10,-0.008023252,0.020876827,0.011976971,0.011291786,0.006666684,0.010008293,0.004648384
2021/6/11,0.009832662,-0.000841826,0.005692839,-0.002024505,0.008190955,0.002980137,0.001652494
2021/6/14,0.02457792,0.0110672,-0.018471593,0.007698939,0.005877286,0.019982195,0.002238957
2021/6/15,-0.006437745,-0.000218754,0.001062377,-0.008379246,-0.003436965,-0.012599199,-0.00183417
2021/6/16,0.003933932,0.009494202,0.001970846,-0.00532861,-0.013278168,-0.00464674,-0.005583363
2021/6/17,0.012600838,0.02166459,-0.01149938,0.008039979,-0.000699074,0.002964128,-0.000331629
2021/6/18,-0.010091707,-0.000670658,-0.03168535,-0.013409399,-0.02640787,-0.017362437,-0.01670732
2021/6/21,0.014103908,-0.00944677,0.01802093,0.014166075,0.003592617,0.007218098,0.014315945
2021/6/22,0.01269836,0.014904626,0.007608649,0.004252481,0,0.008360667,0.005346196
2021/6/23,-0.002089857,-0.000462103,0.006318447,-0.001663554,-0.010918221,0.003257344,-0.001205311
2021/6/24,-0.002168983,-0.015622946,0.019448651,0.003054182,0.014658017,0.017709518,0.005915759
2021/6/25,-0.002248729,-0.013806614,0.019979,6.94E-05,-0.002853576,-0.001957686,0.003552056
2021/6/28,0.012545999,0.012474035,0.013549307,0.000224494,0.028080844,0.015038192,0.00201593
2021/6/29,0.011500245,0.00123407,0.024266173,-0.002150397,-0.01270007,0.020755754,0.000538075
2021/6/30,0.004621176,-0.002314286,-0.003972181,-0.001496621,-0.010748916,0.002173594,0.000841679
2021/7/1,0.002263413,-0.002090002,-0.005839567,0.002907643,-0.002315657,-0.014902331,0.005536595
2021/7/2,0.019596437,0.022723767,0.004011447,0.022973678,0.013390466,0.012642038,0.007643538
2021/7/6,0.014718469,0.046927072,-0.015125642,0.007444723,-0.011804053,-0.009748913,-0.00182147
2021/7/7,0.017955238,0.005669631,0.015213026,0.002250547,-0.002317722,-0.008640846,0.003534054
2021/7/8,-0.009199709,0.009422178,-0.02026542,-0.01130671,-0.010185847,-0.012002629,-0.008147995
2021/7/9,0.013054984,-0.003234655,0.011798936,0.003794758,0.010832335,0.022705909,0.010674779
2021/7/12,-0.004203714,-0.000212414,-0.007054391,0.011607807,0.01321661,0.007353518,0.003581921
2021/7/13,0.007889266,-0.011076883,-0.003334827,0.002882473,0.002467812,-0.009054594,-0.003408966
2021/7/14,0.024100488,0.001174708,-0.010328761,0.007032237,-0.00615437,0.018203762,0.001492215
2021/7/15,-0.004492109,-0.013711127,0.001616934,-0.00960717,-0.012561907,-0.015930386,-0.003415528
2021/7/16,-0.01407595,-0.015854282,0.000587041,-0.000275657,-0.015051066,-0.012370988,-0.007843597
2021/7/19,-0.026914421,-0.006726996,0.005133456,-0.018839035,-0.006003311,-0.006585169,-0.014767921
2021/7/20,0.025974005,0.006648614,0.01517585,0.013096165,0.010981021,0.005475971,0.014330416
2021/7/21,-0.005131714,0.003361145,0.004168478,0.010613321,0.017921759,0.018774597,0.008096298
2021/7/22,0.009628673,0.014735602,0.031491511,0.00684049,-0.004801725,0.001899163,0.002094127
2021/7/23,0.011989067,0.005115368,0.020538482,0.035768979,-0.052894908,0.01713004,0.010287997
2021/7/26,0.002894501,0.011808703,-0.003807438,0.007668271,0.024717,-0.009525158,0.002454851
2021/7/27,-0.014900335,-0.019846958,-0.013240527,-0.015928657,-0.020806499,-0.017909456,-0.004557569
2021/7/28,-0.012196007,0.001083771,0.008299875,0.031796771,-0.002068447,0.010714604,-0.000410066
2021/7/29,0.004552373,-0.008373958,0.007134106,-0.002325538,0.011871132,0.060025294,0.004147408
2021/7/30,0.001510588,-0.075648859,-0.0708351,-0.007740612,0.000372439,-0.00788133,-0.004856426
